City_ID,City,Country,Date,Lat,Lng,Max Temp,Humidity,Cloudiness,Wind Speed
0,Lebu,CL,2022-04-07 02:09:37,-37.6167,-73.65,55.83,92,100,4.03
1,Ushuaia,AR,2022-04-07 02:09:37,-54.8,-68.3,38.86,70,40,14.97
2,Busselton,AU,2022-04-07 02:09:37,-33.65,115.3333,73.4,44,41,9.44
3,Rio Grande,BR,2022-04-07 02:09:38,-32.035,-52.0986,64.17,83,1,10.85
4,Quelimane,MZ,2022-04-07 02:09:38,-17.8786,36.8883,73.44,96,39,3.98
5,Chokurdakh,RU,2022-04-07 02:09:38,70.6333,147.9167,-1.17,82,2,5.19
6,Hobart,AU,2022-04-07 02:05:52,-42.8794,147.3294,67.01,50,20,5.75
7,Hermanus,ZA,2022-04-07 02:09:39,-34.4187,19.2345,51.8,65,93,8.34
8,Butaritari,KI,2022-04-07 02:09:39,3.0707,172.7902,81.57,76,62,18.81
9,Alpena,US,2022-04-07 02:09:40,45.0617,-83.4327,34.11,99,75,3.44
10,Punta Arenas,CL,2022-04-07 02:09:40,-53.15,-70.9167,37.51,70,0,6.91
11,Arraial Do Cabo,BR,2022-04-07 02:09:40,-22.9661,-42.0278,75.36,84,19,8.14
12,Kapaa,US,2022-04-07 02:09:41,22.0752,-159.319,80.58,78,20,17.27
13,Vaini,TO,2022-04-07 02:09:41,-21.2,-175.2,81.21,75,100,12.21
14,Ambatofinandrahana,MG,2022-04-07 02:09:41,-20.55,46.8,57.83,96,17,3.0
15,Kapit,MY,2022-04-07 02:09:20,2.0167,112.9333,76.12,93,100,0.6
16,Ornskoldsvik,SE,2022-04-07 02:09:42,63.2909,18.7153,23.95,100,100,4.61
17,Hilo,US,2022-04-07 02:06:50,19.7297,-155.09,71.33,90,100,6.91
18,Mezen,RU,2022-04-07 02:09:42,65.8522,44.24,28.36,95,100,8.99
19,Clyde River,CA,2022-04-07 02:09:43,70.4692,-68.5914,-4.4,86,9,3.6
20,Tasiilaq,GL,2022-04-07 02:09:43,65.6145,-37.6368,28.56,92,97,4.76
21,Tuktoyaktuk,CA,2022-04-07 02:09:43,69.4541,-133.0374,16.07,94,49,7.4
22,Hovd,MN,2022-04-07 02:09:44,48.0056,91.6419,50.83,17,95,5.44
23,Saskylakh,RU,2022-04-07 02:09:44,71.9167,114.0833,-5.71,95,39,6.08
24,Upernavik,GL,2022-04-07 02:09:44,72.7868,-56.1549,-8.09,100,94,6.87
25,Srednekolymsk,RU,2022-04-07 02:09:45,67.45,153.6833,8.49,83,6,10.07
26,Ponta Do Sol,PT,2022-04-07 02:09:45,32.6667,-17.1,61.0,74,35,2.51
27,Mataura,NZ,2022-04-07 02:09:45,-46.1927,168.8643,55.94,43,47,4.7
28,Port Elizabeth,ZA,2022-04-07 02:08:38,-33.918,25.5701,56.32,80,49,8.99
29,Avarua,CK,2022-04-07 02:09:46,-21.2078,-159.775,84.25,74,20,13.8
30,Hudiksvall,SE,2022-04-07 02:09:46,61.729,17.1036,27.66,78,32,3.42
31,Ubinskoye,RU,2022-04-07 02:09:46,55.3068,79.6802,31.12,87,20,8.99
32,Caravelas,BR,2022-04-07 02:09:47,-17.7125,-39.2481,76.26,83,3,3.58
33,Poum,NC,2022-04-07 02:09:47,-20.2333,164.0167,81.23,81,100,22.3
34,Ancud,CL,2022-04-07 02:09:48,-41.8697,-73.8203,57.22,98,100,7.83
35,La Ronge,CA,2022-04-07 02:09:48,55.1001,-105.2842,30.96,85,99,4.72
36,Dingle,PH,2022-04-07 02:09:48,10.9995,122.6711,79.63,83,100,10.67
37,Beyneu,KZ,2022-04-07 02:09:49,45.3167,55.2,51.64,64,38,3.8
38,Dikson,RU,2022-04-07 02:09:49,73.5069,80.5464,-0.99,99,100,14.47
39,Leningradskiy,RU,2022-04-07 02:09:49,69.3833,178.4167,-1.16,86,100,21.3
40,Airai,TL,2022-04-07 02:09:50,-8.9266,125.4092,74.86,51,64,2.55
41,Rikitea,PF,2022-04-07 02:09:50,-23.1203,-134.9692,78.6,66,0,11.5
42,Alcantara,BR,2022-04-07 02:09:50,-2.4089,-44.4147,79.0,92,98,5.86
43,Garmsar,IR,2022-04-07 02:09:51,35.2182,52.3409,66.0,21,97,0.94
44,Bluff,NZ,2022-04-07 02:09:51,-46.6,168.3333,53.44,58,83,12.03
45,Katsuura,JP,2022-04-07 02:10:51,35.1333,140.3,59.77,73,100,10.89
46,Norman Wells,CA,2022-04-07 02:08:02,65.282,-126.8329,31.46,92,6,5.26
47,Jamestown,US,2022-04-07 02:10:52,42.097,-79.2353,53.24,76,100,11.01
48,Albany,US,2022-04-07 02:06:55,42.6001,-73.9662,50.65,73,100,5.01
49,Whyalla,AU,2022-04-07 02:10:52,-33.0333,137.5833,67.89,64,0,18.41
50,Tura,IN,2022-04-07 02:10:53,25.5198,90.2201,73.69,80,76,3.87
51,Mednogorsk,RU,2022-04-07 02:10:53,51.4128,57.595,35.98,99,100,8.05
52,Deputatskiy,RU,2022-04-07 02:10:53,69.3,139.9,-8.23,99,100,5.3
53,Porto Velho,BR,2022-04-07 02:10:54,-8.7619,-63.9039,78.85,94,40,0.0
54,Kununurra,AU,2022-04-07 02:10:54,-15.7667,128.7333,91.38,62,11,5.75
55,Cabo San Lucas,MX,2022-04-07 02:07:33,22.8909,-109.9124,71.62,70,0,9.22
56,Yellowknife,CA,2022-04-07 02:07:19,62.456,-114.3525,25.18,95,100,3.91
57,Likasi,CD,2022-04-07 02:10:55,-10.9814,26.7333,62.85,98,100,4.27
58,Colwyn Bay,GB,2022-04-07 02:10:55,53.2948,-3.7267,48.06,79,100,20.0
59,Vestmannaeyjar,IS,2022-04-07 02:10:55,63.4427,-20.2734,30.25,53,1,5.17
60,Parrita,CR,2022-04-07 02:10:56,9.5201,-84.3225,79.7,85,100,0.72
61,Mahebourg,MU,2022-04-07 02:10:56,-20.4081,57.7,74.25,70,98,12.01
62,Ipinda,TZ,2022-04-07 02:10:56,-9.4833,33.9,70.47,83,76,2.39
63,Paita,PE,2022-04-07 02:10:57,-5.0892,-81.1144,71.78,79,56,18.92
64,Harper,LR,2022-04-07 02:10:57,4.375,-7.7169,79.45,86,82,5.88
65,Kutum,SD,2022-04-07 02:10:57,14.2,24.6667,74.77,14,6,9.64
66,Pueblo Bello,CO,2022-04-07 02:10:58,8.2041,-76.526,75.72,95,100,1.45
67,Bredasdorp,ZA,2022-04-07 02:10:58,-34.5322,20.0403,56.98,67,91,6.17
68,Samarai,PG,2022-04-07 02:10:59,-10.6167,150.6667,84.97,70,57,17.22
69,Iqaluit,CA,2022-04-07 02:06:12,63.7506,-68.5145,0.7,77,1,17.0
70,Ewa Beach,US,2022-04-07 02:10:59,21.3156,-158.0072,84.15,55,40,16.11
71,Sao Joao Da Barra,BR,2022-04-07 02:10:59,-21.6403,-41.0511,75.56,84,100,6.4
72,Santiago,CL,2022-04-07 02:09:17,-33.4569,-70.6483,70.99,45,0,4.61
73,Severo-Kurilsk,RU,2022-04-07 02:11:00,50.6789,156.125,35.46,93,100,14.9
74,Burnie,AU,2022-04-07 02:11:00,-41.0667,145.9167,60.73,59,0,6.08
75,Ilulissat,GL,2022-04-07 02:11:01,69.2167,-51.1,23.02,86,75,6.91
76,Tamworth,GB,2022-04-07 02:11:01,52.634,-1.6959,46.92,73,35,13.0
77,Darhan,MN,2022-04-07 02:10:45,49.4867,105.9228,54.66,34,11,6.71
78,Odweyne,SO,2022-04-07 02:11:01,9.4092,45.064,68.43,35,0,9.46
79,Eydhafushi,MV,2022-04-07 02:11:02,5.1033,73.0708,83.12,68,10,4.38
80,Ponta Delgada,PT,2022-04-07 02:11:02,37.7333,-25.6667,61.52,88,75,19.57
81,Olinda,BR,2022-04-07 02:11:02,-8.0089,-34.8553,82.13,74,75,4.61
82,Niono,ML,2022-04-07 02:11:03,14.2526,-5.993,87.01,13,57,12.1
83,Broken Hill,AU,2022-04-07 02:11:03,-31.95,141.4333,71.28,41,0,12.91
84,Half Moon Bay,US,2022-04-07 02:11:03,37.4636,-122.4286,78.19,51,0,17.27
85,Krasnoselkup,RU,2022-04-07 02:11:04,65.7,82.4667,18.34,92,100,7.94
86,Madang,PG,2022-04-07 02:11:04,-5.2246,145.7966,86.77,65,92,4.05
87,Lata,PT,2022-04-07 02:11:04,40.1629,-8.3327,54.81,81,100,3.49
88,Husavik,IS,2022-04-07 02:11:05,66.0449,-17.3389,24.71,81,99,7.16
89,Santa Isabel Do Rio Negro,BR,2022-04-07 02:11:05,-0.4139,-65.0192,73.8,97,100,2.64
90,Smolenka,RU,2022-04-07 02:11:06,52.1352,113.4974,34.95,86,40,4.47
91,Ngunguru,NZ,2022-04-07 02:11:06,-35.6167,174.5,70.0,48,64,11.65
92,Namibe,AO,2022-04-07 02:11:06,-15.1961,12.1522,71.53,75,0,4.99
93,Faanui,PF,2022-04-07 02:12:07,-16.4833,-151.75,82.8,74,51,22.28
94,Mount Isa,AU,2022-04-07 02:12:07,-20.7333,139.5,91.17,15,0,18.41
95,Atuona,PF,2022-04-07 02:12:07,-9.8,-139.0333,79.36,75,16,16.71
96,Pisco,PE,2022-04-07 02:12:08,-13.7,-76.2167,66.25,88,0,16.11
97,Kenai,US,2022-04-07 02:12:08,60.5544,-151.2583,45.03,58,0,11.5
98,Palana,RU,2022-04-07 02:12:09,59.1167,159.9667,26.73,80,100,6.15
99,Lafiagi,NG,2022-04-07 02:12:09,8.8667,5.4167,84.63,56,97,3.33
100,Poya,NC,2022-04-07 02:12:09,-21.35,165.15,80.69,85,100,14.85
101,Cape Town,ZA,2022-04-07 02:12:10,-33.9258,18.4232,55.11,81,78,10.04
102,Beringovskiy,RU,2022-04-07 02:12:10,63.05,179.3167,4.23,66,20,5.32
103,Presidencia Roque Saenz Pena,AR,2022-04-07 02:12:10,-26.7852,-60.4388,73.06,95,97,5.82
104,Port Alfred,ZA,2022-04-07 02:12:11,-33.5906,26.891,57.18,73,52,8.01
105,Coihaique,CL,2022-04-07 02:07:53,-45.5752,-72.0662,40.95,93,100,4.61
106,Souillac,MU,2022-04-07 02:12:11,-20.5167,57.5167,76.19,73,96,11.77
107,Dabola,GN,2022-04-07 02:12:12,10.75,-11.1167,80.02,63,100,7.02
108,Puerto Ayora,EC,2022-04-07 02:12:12,-0.7393,-90.3518,77.85,88,87,6.69
109,Batagay-Alyta,RU,2022-04-07 02:12:12,67.8006,130.4114,7.59,81,88,3.8
110,Tiksi,RU,2022-04-07 02:12:13,71.6872,128.8694,-6.99,99,100,6.55
111,Khatanga,RU,2022-04-07 02:12:13,71.9667,102.5,15.35,82,100,17.0
112,Victoria,HK,2022-04-07 02:07:41,22.2855,114.1577,78.96,64,46,4.0
113,Monrovia,LR,2022-04-07 02:12:14,6.3005,-10.7969,74.97,89,100,4.94
114,Voyvozh,RU,2022-04-07 02:12:14,62.892,54.9635,26.42,95,100,7.56
115,Pochutla,MX,2022-04-07 02:12:14,15.7432,-96.4661,78.82,74,9,5.84
116,Mandera,KE,2022-04-07 02:12:15,3.9366,41.867,80.35,60,3,13.33
117,Touros,BR,2022-04-07 02:12:15,-5.1989,-35.4608,79.23,79,58,9.98
118,Nanortalik,GL,2022-04-07 02:12:15,60.1432,-45.2371,28.99,90,85,6.44
119,Sorland,NO,2022-04-07 02:12:16,67.667,12.6934,36.66,62,100,14.27
120,Bilibino,RU,2022-04-07 02:12:16,68.0546,166.4372,0.05,84,67,3.36
121,Zlobin,HR,2022-04-07 02:12:16,45.2924,14.6541,42.15,92,75,2.3
122,Georgetown,MY,2022-04-07 02:11:49,5.4112,100.3354,82.33,78,20,4.61
123,Manjacaze,MZ,2022-04-07 02:12:17,-24.7117,33.8828,70.65,87,0,7.16
124,Carnarvon,AU,2022-04-07 02:08:22,-24.8667,113.6333,86.07,62,6,10.36
125,Christiansburg,US,2022-04-07 02:12:17,37.1298,-80.4089,66.4,70,75,6.91
126,Saint-Raphael,HT,2022-04-07 02:12:18,19.4333,-72.2,71.02,88,20,3.04
127,Yuci,CN,2022-04-07 02:12:18,37.6803,112.7319,58.75,26,0,4.47
128,Houma,US,2022-04-07 02:12:18,29.5958,-90.7195,77.0,88,0,8.05
129,Castro,BR,2022-04-07 02:12:19,-24.7911,-50.0119,62.6,97,55,3.6
130,Constitucion,CL,2022-04-07 02:08:28,-35.3333,-72.4167,55.56,78,18,10.8
131,Vanimo,PG,2022-04-07 02:12:19,-2.6741,141.3028,85.87,67,98,5.64
132,Vila Velha,BR,2022-04-07 02:08:01,-20.3297,-40.2925,78.75,84,75,6.91
133,Bereda,ES,2022-04-07 02:12:20,43.2686,-7.5406,48.15,80,97,10.2
134,Pangnirtung,CA,2022-04-07 02:12:20,66.1451,-65.7125,0.23,82,6,5.68
135,Gushi,CN,2022-04-07 02:12:20,34.6425,109.5843,70.93,22,0,3.15
136,Svetlogorsk,BY,2022-04-07 02:08:28,52.6333,29.7333,42.76,94,100,9.26
137,Enshi,CN,2022-04-07 02:13:21,30.3,109.4833,68.22,60,0,0.45
138,Itarema,BR,2022-04-07 02:10:20,-2.9248,-39.9167,76.82,86,97,6.76
139,Port Lincoln,AU,2022-04-07 02:13:21,-34.7333,135.8667,64.02,62,7,14.09
140,Myitkyina,MM,2022-04-07 02:13:22,25.3833,97.4,78.89,49,68,2.84
141,Ndele,CF,2022-04-07 02:13:22,8.4109,20.6473,72.79,84,100,7.02
142,Zeya,RU,2022-04-07 02:13:22,53.75,127.2667,29.17,37,48,9.71
143,Roald,NO,2022-04-07 02:13:23,62.5833,6.1333,31.75,69,8,11.5
144,Cidreira,BR,2022-04-07 02:13:23,-30.1811,-50.2056,68.74,79,12,13.76
145,Chuy,UY,2022-04-07 02:13:23,-33.6971,-53.4616,60.06,82,0,7.65
146,Riyadh,SA,2022-04-07 02:10:30,24.6877,46.7219,75.34,12,20,10.2
147,Nicoya,CR,2022-04-07 02:13:24,10.1483,-85.452,80.55,78,96,2.06
148,Barrow,US,2022-04-07 02:13:24,71.2906,-156.7887,-5.78,77,0,11.5
149,Whitehaven,GB,2022-04-07 02:13:24,54.549,-3.5841,42.66,90,84,10.0
150,Maniitsoq,GL,2022-04-07 02:13:25,65.4167,-52.9,20.93,90,99,15.7
151,San Cristobal,VE,2022-04-07 02:13:25,7.7669,-72.225,73.58,95,28,2.37
152,Nelson Bay,AU,2022-04-07 02:13:25,-32.7167,152.15,71.1,88,100,17.02
153,Longyearbyen,SJ,2022-04-07 02:13:26,78.2186,15.6401,10.24,67,0,9.22
154,Vardo,NO,2022-04-07 02:13:26,70.3705,31.1107,32.72,80,100,20.8
155,Belaya Gora,RU,2022-04-07 02:13:26,68.5333,146.4167,3.67,87,77,5.17
156,Bambous Virieux,MU,2022-04-07 02:13:27,-20.3428,57.7575,74.21,69,99,11.97
157,Fortuna,US,2022-04-07 02:13:27,40.5982,-124.1573,58.91,72,0,11.5
158,Esperance,AU,2022-04-07 02:13:27,-33.8667,121.9,70.47,59,3,11.27
159,San Patricio,US,2022-04-07 02:13:28,28.017,-97.5169,76.91,35,0,20.31
160,Puerto Madryn,AR,2022-04-07 02:13:28,-42.7692,-65.0385,57.07,80,90,17.47
161,New Norfolk,AU,2022-04-07 02:13:29,-42.7826,147.0587,67.66,34,0,1.74
162,Mar Del Plata,AR,2022-04-07 02:13:29,-38.0023,-57.5575,68.09,87,0,4.61
163,Prince Rupert,CA,2022-04-07 02:13:29,54.3161,-130.3201,39.76,81,100,12.28
164,Aloleng,PH,2022-04-07 02:13:30,16.1307,119.7824,83.97,61,100,4.45
165,Hithadhoo,MV,2022-04-07 02:13:30,-0.6,73.0833,82.0,66,0,1.16
166,Flinders,AU,2022-04-07 02:13:30,-34.5833,150.8552,66.38,90,100,5.01
167,Kruisfontein,ZA,2022-04-07 02:13:31,-34.0033,24.7314,53.89,72,54,16.69
168,Bandarbeyla,SO,2022-04-07 02:13:31,9.4942,50.8122,77.47,76,14,5.57
169,Nome,US,2022-04-07 02:13:31,64.5011,-165.4064,5.07,72,100,4.61
170,Saint-Augustin,CA,2022-04-07 02:13:32,51.226,-58.6502,34.59,81,100,15.35
171,Tuatapere,NZ,2022-04-07 02:13:32,-46.1333,167.6833,54.97,52,41,6.02
172,Linxia,CN,2022-04-07 02:13:32,35.6003,103.2064,57.34,22,0,1.48
173,Los Llanos De Aridane,ES,2022-04-07 02:13:33,28.6585,-17.9182,56.95,75,100,10.36
174,Port Hardy,CA,2022-04-07 02:13:33,50.6996,-127.4199,41.49,89,100,22.75
175,Galveston,US,2022-04-07 02:13:33,29.3669,-94.9669,74.97,48,0,10.0
176,Bambanglipuro,ID,2022-04-07 02:13:34,-7.95,110.2833,81.97,75,100,4.29
177,Viedma,AR,2022-04-07 02:10:25,-40.8135,-62.9967,59.83,81,100,12.84
178,Ixtapa,MX,2022-04-07 02:13:34,20.7,-105.2,73.22,78,40,8.05
179,Torrington,US,2022-04-07 02:13:34,41.8007,-73.1212,48.18,94,100,3.0
180,Korla,CN,2022-04-07 02:13:35,41.7597,86.1469,62.69,22,4,3.47
181,Sitka,US,2022-04-07 02:09:48,57.0531,-135.33,42.69,61,75,24.16
182,Salta,AR,2022-04-07 02:13:35,-24.7859,-65.4117,64.58,84,0,3.44
183,Camacha,PT,2022-04-07 02:13:35,33.0833,-16.3333,56.62,77,40,8.05
184,Vao,NC,2022-04-07 02:14:36,-22.6667,167.4833,78.48,88,100,30.31
185,Alofi,NU,2022-04-07 02:14:36,-19.0595,-169.9187,80.94,77,98,15.41
186,Tiarei,PF,2022-04-07 02:14:36,-17.5333,-149.3333,89.62,74,47,22.3
187,Inhambane,MZ,2022-04-07 02:09:47,-23.865,35.3833,73.4,84,0,8.41
188,Pinheiro Machado,BR,2022-04-07 02:14:37,-31.5783,-53.3811,53.83,78,1,5.01
189,Ishigaki,JP,2022-04-07 02:14:37,24.3448,124.1572,70.88,73,97,15.77
190,Thompson,CA,2022-04-07 02:14:38,55.7435,-97.8558,32.16,93,100,10.36
191,Porosozero,RU,2022-04-07 02:14:38,62.7191,32.727,15.87,96,99,5.17
192,Kahului,US,2022-04-07 02:11:02,20.8947,-156.47,80.62,61,75,20.71
193,Kaya,BF,2022-04-07 02:14:38,13.0917,-1.0844,91.51,29,73,11.39
194,Byron Bay,AU,2022-04-07 02:14:39,-28.65,153.6167,73.94,78,35,11.54
195,Kodiak,US,2022-04-07 02:14:39,57.79,-152.4072,36.91,87,75,4.61
196,Bandarban,BD,2022-04-07 02:14:39,22.1965,92.2262,83.12,56,5,2.08
197,Taitung,TW,2022-04-07 02:14:40,22.7583,121.1444,73.67,73,75,5.75
198,Gazojak,TM,2022-04-07 02:14:40,41.1875,61.4036,62.19,44,14,7.63
199,Iskateley,RU,2022-04-07 02:14:41,67.6803,53.1512,3.0,93,44,8.97
200,Carutapera,BR,2022-04-07 02:14:41,-1.195,-46.02,75.52,94,99,4.63
201,Denpasar,ID,2022-04-07 02:10:07,-8.65,115.2167,82.06,83,40,5.75
202,Laguna,US,2022-04-07 02:14:41,38.421,-121.4238,84.49,22,0,5.75
203,Rostock,DE,2022-04-07 02:13:27,54.0887,12.1405,50.29,86,100,20.15
204,Amparafaravola,MG,2022-04-07 02:14:42,-17.5833,48.2167,67.19,92,100,3.0
205,Khandbari,NP,2022-04-07 02:14:42,27.3747,87.2039,70.92,69,45,1.34
206,Katobu,ID,2022-04-07 02:14:43,-4.9408,122.5276,85.15,65,60,5.59
207,Kirillov,RU,2022-04-07 02:14:43,59.863,38.3813,17.51,95,16,5.46
208,Charcas,MX,2022-04-07 02:14:43,23.1333,-101.1167,68.99,11,22,4.36
209,East London,ZA,2022-04-07 02:14:44,-33.0153,27.9116,60.71,63,8,20.8
210,Iberia,US,2022-04-07 02:11:29,29.9502,-91.7507,73.36,68,100,20.71
211,Codrington,AU,2022-04-07 02:14:44,-38.2667,141.9667,69.57,55,46,14.2
212,Severnyy,RU,2022-04-07 02:14:44,50.677,36.5532,46.44,61,0,8.95
213,Qasigiannguit,GL,2022-04-07 02:14:45,68.8193,-51.1922,23.25,96,100,4.09
214,Emborion,GR,2022-04-07 02:14:45,40.4833,21.55,43.16,95,20,2.62
215,Kalevala,RU,2022-04-07 02:14:45,65.2,31.1667,7.2,97,71,4.21
216,Toyooka,JP,2022-04-07 02:14:46,35.5333,134.8333,68.13,38,92,0.92
217,Kotido,UG,2022-04-07 02:14:46,2.9806,34.1331,73.06,51,57,9.86
218,Sherlovaya Gora,RU,2022-04-07 02:14:47,50.5667,116.25,33.49,52,100,9.78
219,Haines Junction,CA,2022-04-07 02:14:47,60.7522,-137.5108,42.75,33,100,5.75
220,Qaanaaq,GL,2022-04-07 02:14:47,77.484,-69.3632,1.13,93,95,6.11
221,Simpang,ID,2022-04-07 02:14:48,-1.2667,104.0833,72.48,98,100,4.27
222,Lancaster,US,2022-04-07 02:14:48,40.2504,-76.2499,54.03,85,100,13.0
223,Kavieng,PG,2022-04-07 02:14:48,-2.5744,150.7967,81.64,78,100,5.14
224,Cherskiy,RU,2022-04-07 02:14:49,68.75,161.3,-5.06,84,71,0.92
225,Paamiut,GL,2022-04-07 02:11:10,61.994,-49.6678,28.04,97,92,7.18
226,Sakakah,SA,2022-04-07 02:14:49,29.9697,40.2064,67.68,24,18,17.34
227,Mishan,CN,2022-04-07 02:14:49,45.55,131.8833,39.7,37,95,14.09
228,Bay Roberts,CA,2022-04-07 02:15:50,47.5999,-53.2648,36.52,85,100,8.99
229,San Quintin,MX,2022-04-07 02:15:50,30.4833,-115.95,66.38,68,0,5.82
230,Sao Filipe,CV,2022-04-07 02:15:50,14.8961,-24.4956,70.47,77,4,9.04
231,Aksu,CN,2022-04-07 02:15:51,41.1231,80.2644,63.79,18,41,4.38
232,Prescott,US,2022-04-07 02:15:27,34.54,-112.4685,64.96,16,0,3.44
233,Valdivia,CL,2022-04-07 02:13:53,-39.8142,-73.2459,57.29,100,100,1.14
234,Auki,SB,2022-04-07 02:15:51,-8.7676,160.7034,86.83,62,93,9.46
235,Gizo,SB,2022-04-07 02:15:52,-8.103,156.8419,80.47,79,100,25.7
236,Sangar,RU,2022-04-07 02:15:52,63.9242,127.4739,8.58,91,100,4.34
237,Hasaki,JP,2022-04-07 02:15:52,35.7333,140.8333,61.29,77,100,19.13
238,Bengkulu,ID,2022-04-07 02:15:53,-3.8004,102.2655,75.67,87,100,7.4
239,Dublin,US,2022-04-07 02:13:28,37.7021,-121.9358,79.34,35,0,9.22
240,Hofn,IS,2022-04-07 02:15:53,64.2539,-15.2082,29.08,62,0,23.15
241,Ketchikan,US,2022-04-07 02:15:53,55.3422,-131.6461,40.98,87,100,18.41
242,Lompoc,US,2022-04-07 02:15:54,34.6391,-120.4579,82.54,40,0,0.0
243,Medeiros Neto,BR,2022-04-07 02:15:16,-17.3739,-40.2206,72.18,92,3,5.46
244,Puerto Leguizamo,CO,2022-04-07 02:15:54,-0.1934,-74.7819,73.44,93,98,1.74
245,Salalah,OM,2022-04-07 02:15:55,17.0151,54.0924,77.09,78,40,3.44
246,Mattru,SL,2022-04-07 02:15:55,7.6244,-11.8332,76.71,89,100,1.95
247,Saint George,US,2022-04-07 02:15:46,37.1041,-113.5841,65.43,9,0,21.85
248,Kyshtovka,RU,2022-04-07 02:15:55,56.555,76.6271,31.15,87,16,10.29
249,Tutoia,BR,2022-04-07 02:15:56,-2.7619,-42.2744,76.75,90,100,6.02
250,Nikolskoye,RU,2022-04-07 02:15:56,59.7035,30.7861,27.81,89,100,6.06
251,Yerbogachen,RU,2022-04-07 02:15:56,61.2767,108.0108,32.23,100,100,5.01
252,Eidfjord,NO,2022-04-07 02:15:57,60.4675,7.0719,26.28,76,100,6.31
253,Torbay,CA,2022-04-07 02:15:57,47.6666,-52.7314,35.76,91,100,19.57
254,Massakory,TD,2022-04-07 02:15:58,12.996,15.7293,86.5,13,10,8.61
255,Kijang,KR,2022-04-07 02:15:58,35.2442,129.2139,62.33,50,100,4.38
256,Ellisras,ZA,2022-04-07 02:15:58,-23.6649,27.7443,66.18,33,1,4.7
257,Lagoa,PT,2022-04-07 02:15:59,39.05,-27.9833,60.91,85,100,26.42
258,Carballo,ES,2022-04-07 02:15:59,43.213,-8.691,56.55,82,73,11.48
259,Markova,UA,2022-04-07 02:15:59,48.6758,24.4138,43.0,83,98,5.61
260,Marquette,US,2022-04-07 02:16:00,46.5333,-87.6335,37.81,93,100,8.03
261,Culasi,PH,2022-04-07 02:16:00,11.4272,122.056,79.86,83,100,9.69
262,Shetpe,KZ,2022-04-07 02:16:00,44.1667,52.1167,46.98,75,98,15.43
263,Margate,GB,2022-04-07 02:16:01,51.3813,1.3862,50.88,80,100,10.0
264,Camapua,BR,2022-04-07 02:13:01,-19.5314,-54.0439,78.67,61,79,4.68
265,Bulawayo,ZW,2022-04-07 02:16:01,-20.15,28.5833,62.82,61,0,5.01
266,Port Augusta,AU,2022-04-07 02:16:02,-32.5,137.7667,72.61,41,0,13.02
267,Alyangula,AU,2022-04-07 02:16:02,-13.8483,136.4192,89.19,45,35,7.65
268,Talnakh,RU,2022-04-07 02:16:02,69.4865,88.3972,22.89,95,100,1.7
269,Shieli,KZ,2022-04-07 02:16:03,44.1667,66.75,61.14,53,100,8.99
270,San Jose,US,2022-04-07 02:12:08,37.3394,-121.895,79.88,26,0,13.8
271,Manga,BF,2022-04-07 02:16:03,11.6636,-1.0731,86.16,50,92,11.36
272,Acari,PE,2022-04-07 02:16:04,-15.4311,-74.6158,72.79,76,64,2.95
273,Puri,IN,2022-04-07 02:16:04,19.8,85.85,81.12,76,16,13.35
274,Kaitangata,NZ,2022-04-07 02:16:04,-46.2817,169.8464,54.82,49,76,5.77
275,Bathsheba,BB,2022-04-07 02:17:05,13.2167,-59.5167,77.61,73,40,17.27
276,Selikhino,RU,2022-04-07 02:17:05,50.3672,137.4996,30.36,62,98,18.66
277,Bjorkelangen,NO,2022-04-07 02:17:05,59.8848,11.5694,32.83,66,100,2.91
278,Kavaratti,IN,2022-04-07 02:17:06,10.5669,72.642,82.8,72,37,7.38
279,Grand Gaube,MU,2022-04-07 02:17:06,-20.0064,57.6608,75.6,84,89,1.01
280,Show Low,US,2022-04-07 02:13:33,34.2542,-110.0298,54.61,15,0,16.11
281,Belyy Yar,RU,2022-04-07 02:17:07,53.6039,91.3903,51.69,58,0,4.47
282,Avera,US,2022-04-07 02:17:07,33.194,-82.5271,66.25,91,100,11.95
283,Buala,SB,2022-04-07 02:17:07,-8.145,159.5921,83.44,74,100,13.58
284,Usakos,NA,2022-04-07 02:17:08,-22.0,15.6,69.01,31,5,3.22
285,Caraballeda,VE,2022-04-07 02:17:08,10.6112,-66.8522,80.67,78,0,1.14
286,Maridi,SS,2022-04-07 02:17:08,4.9158,29.4742,71.51,79,100,6.76
287,Yulara,AU,2022-04-07 02:17:09,-25.2406,130.9889,80.44,29,0,14.97
288,Harnoli,PK,2022-04-07 02:17:09,32.2792,71.5539,78.19,15,0,4.23
289,Port-Gentil,GA,2022-04-07 02:17:09,-0.7193,8.7815,80.6,84,100,14.5
290,Berekum,GH,2022-04-07 02:17:10,7.4534,-2.584,72.09,90,100,2.95
291,Mayo,US,2022-04-07 02:17:10,38.8876,-76.5119,56.66,92,100,12.66
292,Narsaq,GL,2022-04-07 02:17:11,60.9167,-46.05,32.22,91,100,1.57
293,Bethel,US,2022-04-07 02:14:23,41.3712,-73.414,48.56,90,100,5.75
294,Thinadhoo,MV,2022-04-07 02:17:11,0.5333,72.9333,82.96,67,6,3.33
295,Bonthe,SL,2022-04-07 02:17:11,7.5264,-12.505,78.73,84,100,5.17
296,Hualmay,PE,2022-04-07 02:17:12,-11.0964,-77.6139,69.48,85,48,8.14
297,Sailana,IN,2022-04-07 02:17:12,23.4667,74.9167,82.92,17,53,4.45
298,Gorontalo,ID,2022-04-07 02:17:12,0.5412,123.0595,86.07,68,93,4.16
299,Tautira,PF,2022-04-07 02:17:13,-17.7333,-149.15,82.2,73,72,20.45
300,Gilgit,PK,2022-04-07 02:17:13,35.9221,74.3087,59.34,40,0,5.08
301,Maarianhamina,AX,2022-04-07 02:15:19,60.0973,19.9348,28.26,93,0,1.14
302,Cradock,ZA,2022-04-07 02:17:14,-32.1642,25.6192,49.82,72,36,4.61
303,Olafsvik,IS,2022-04-07 02:17:14,64.8945,-23.7142,26.47,61,13,12.59
304,Ossora,RU,2022-04-07 02:17:14,59.2353,163.0719,24.15,86,100,3.96
305,Havre-Saint-Pierre,CA,2022-04-07 02:17:15,50.2334,-63.5986,37.76,75,100,5.75
306,Naron,ES,2022-04-07 02:17:15,43.5167,-8.1528,57.69,83,63,17.69
307,Aksarka,RU,2022-04-07 02:17:15,66.5606,67.7975,14.68,90,100,6.2
308,Labuhan,ID,2022-04-07 02:17:16,-6.8844,112.2051,81.9,76,100,9.46
309,Port Blair,IN,2022-04-07 02:17:16,11.6667,92.75,77.04,88,100,4.61
310,Murgab,TM,2022-04-07 02:17:16,37.4966,61.9714,60.67,67,100,0.0
311,Matagami,CA,2022-04-07 02:17:17,49.7502,-77.6328,37.51,30,100,12.66
312,Dudinka,RU,2022-04-07 02:17:17,69.4058,86.1778,12.4,97,96,4.99
313,Taoudenni,ML,2022-04-07 02:17:18,22.6783,-3.9836,79.48,16,0,10.8
314,Raudeberg,NO,2022-04-07 02:12:20,61.9875,5.1352,30.87,76,24,8.48
315,Beamsville,CA,2022-04-07 02:17:18,43.1668,-79.4829,56.25,96,100,1.99
316,Henties Bay,NA,2022-04-07 02:17:18,-22.116,14.2845,60.12,87,38,4.23
317,Isangel,VU,2022-04-07 02:17:19,-19.55,169.2667,78.96,88,100,18.23
318,Parabel,RU,2022-04-07 02:17:19,58.6978,81.4825,30.06,79,98,14.97
319,Pastavy,BY,2022-04-07 02:17:19,55.1168,26.8326,42.78,95,100,12.48
320,Ganzhou,CN,2022-04-07 02:17:20,28.8184,115.4327,74.55,51,0,0.94
321,Aklavik,CA,2022-04-07 02:17:20,68.2191,-135.0107,28.63,91,59,8.34
322,Hirado,JP,2022-04-07 02:17:21,33.3597,129.5531,59.76,69,80,12.46
323,Ulladulla,AU,2022-04-07 02:18:21,-35.35,150.4667,63.77,88,100,10.0
324,Florence,IT,2022-04-07 02:16:37,43.7667,11.25,47.88,91,75,2.3
325,Bermeo,ES,2022-04-07 02:18:22,43.4209,-2.7215,47.48,80,92,9.66
326,Glendive,US,2022-04-07 02:18:22,47.1053,-104.7125,40.69,81,100,19.57
327,Coari,BR,2022-04-07 02:18:22,-4.085,-63.1414,74.34,97,100,2.37
328,Naze,JP,2022-04-07 02:18:23,28.3667,129.4833,67.12,54,60,5.95
329,Asau,RO,2022-04-07 02:18:23,46.4333,26.4,40.28,74,5,2.62
330,Sao Felix Do Xingu,BR,2022-04-07 02:18:23,-6.6447,-51.995,72.97,98,100,1.28
331,Charters Towers,AU,2022-04-07 02:18:24,-20.1,146.2667,86.59,43,4,10.56
332,Grindavik,IS,2022-04-07 02:18:24,63.8424,-22.4338,25.27,74,20,13.8
333,Faya,SA,2022-04-07 02:18:24,18.3851,42.4509,57.72,13,0,4.56
334,Sao Miguel Do Iguacu,BR,2022-04-07 02:15:14,-25.3481,-54.2378,74.64,94,84,1.77
335,Atambua,ID,2022-04-07 02:18:25,-9.1061,124.8925,82.81,61,100,0.92
336,Jimo,CN,2022-04-07 02:18:25,36.3897,120.4622,56.98,54,0,4.47
337,Keetmanshoop,NA,2022-04-07 02:18:25,-26.5833,18.1333,62.46,38,84,15.35
338,Moscow,RU,2022-04-07 02:16:30,55.7522,37.6156,30.63,85,100,7.81
339,Emerald,AU,2022-04-07 02:18:26,-23.5333,148.1667,80.73,46,74,9.84
340,Neryungri,RU,2022-04-07 02:18:26,56.6709,124.6491,15.06,75,99,8.75
341,Ahipara,NZ,2022-04-07 02:18:27,-35.1667,173.1667,68.68,56,25,14.65
342,Sabha,LY,2022-04-07 02:13:33,27.0377,14.4283,81.63,8,4,14.14
343,Pangoa,PE,2022-04-07 02:18:27,-12.1167,-73.0,72.63,87,74,2.24
344,Makakilo City,US,2022-04-07 02:18:28,21.3469,-158.0858,82.72,55,40,16.11
345,Las Vegas,US,2022-04-07 02:14:23,36.175,-115.1372,75.88,12,0,14.97
346,Norrtalje,SE,2022-04-07 02:18:28,59.758,18.705,35.02,92,100,3.83
347,Bridlington,GB,2022-04-07 02:18:29,54.0831,-0.1919,44.89,80,96,30.04
348,Sovetskiy,RU,2022-04-07 02:18:29,61.3614,63.5842,18.88,97,79,4.27
349,Pevek,RU,2022-04-07 02:18:29,69.7008,170.3133,-5.15,91,100,7.56
350,Pestovo,RU,2022-04-07 02:18:29,58.5938,35.8024,23.68,94,100,5.5
351,Mitsamiouli,KM,2022-04-07 02:18:30,-11.3847,43.2844,81.21,76,79,6.6
352,Mount Gambier,AU,2022-04-07 02:17:26,-37.8333,140.7667,69.76,51,44,9.66
353,Mackay,AU,2022-04-07 02:18:30,-21.15,149.2,87.67,66,13,14.72
354,Korem,ET,2022-04-07 02:18:31,12.5058,39.5228,53.78,45,0,4.52
355,Mitu,CO,2022-04-07 02:18:31,1.1983,-70.1733,73.63,97,52,0.34
356,Cangucu,BR,2022-04-07 02:18:31,-31.395,-52.6756,52.99,92,4,4.5
357,Rongcheng,CN,2022-04-07 02:18:32,30.634,117.8517,74.98,48,0,3.42
358,Rocha,UY,2022-04-07 02:18:32,-34.4833,-54.3333,59.9,74,0,7.14
359,Torrijos,ES,2022-04-07 02:18:33,39.9819,-4.2835,43.75,78,5,7.81
360,Khromtau,KZ,2022-04-07 02:18:33,50.2503,58.4347,36.46,84,100,8.3
361,Joensuu,FI,2022-04-07 02:18:33,62.6012,29.7632,25.29,88,100,12.66
362,Luoyang,CN,2022-04-07 02:18:34,34.6836,112.4536,61.72,42,0,1.3
363,Aykhal,RU,2022-04-07 02:18:34,66.0,111.5,15.35,94,100,23.29
364,Abha,SA,2022-04-07 02:18:34,18.2164,42.5053,57.45,9,0,0.0
365,Prabumulih,ID,2022-04-07 02:18:35,-3.45,104.25,72.25,98,100,4.07
366,Manica,FR,2022-04-07 02:18:35,49.0,-1.1667,48.69,94,100,17.16
367,Merrill,US,2022-04-07 02:18:35,45.1805,-89.6835,37.04,97,100,10.36
368,Saint-Philippe,RE,2022-04-07 02:18:36,-21.3585,55.7679,76.59,78,60,11.03
369,Pingliang,CN,2022-04-07 02:18:36,35.5392,106.6861,63.1,14,0,6.49
370,Shasta Lake,US,2022-04-07 02:19:36,40.6804,-122.3708,84.92,29,17,4.61
371,Abu Samrah,SY,2022-04-07 02:19:37,35.3029,37.1841,55.13,81,0,11.99
372,Belen,TR,2022-04-07 02:19:37,36.4891,36.2233,55.54,67,0,13.8
373,Cayenne,GF,2022-04-07 02:15:16,4.9333,-52.3333,80.1,1,75,10.36
374,Tual,ID,2022-04-07 02:19:37,-5.6667,132.75,83.23,71,88,5.39
375,Khandyga,RU,2022-04-07 02:19:38,62.6667,135.6,24.22,78,100,4.52
376,Bida,NG,2022-04-07 02:19:38,9.0833,6.0167,83.62,50,100,3.2
377,Kiama,AU,2022-04-07 02:19:38,-34.6833,150.8667,66.58,89,100,1.99
378,Geraldton,AU,2022-04-07 02:19:39,-28.7667,114.6,86.41,30,66,20.71
379,Tarboro,US,2022-04-07 02:19:39,35.8968,-77.5358,71.98,73,100,4.61
380,Saint Anthony,US,2022-04-07 02:14:58,45.0205,-93.218,37.65,89,100,19.57
381,Urengoy,RU,2022-04-07 02:19:39,65.9667,78.3667,11.71,96,95,12.82
382,Tocopilla,CL,2022-04-07 02:19:40,-22.092,-70.1979,66.22,82,39,2.19
383,Cabadiangan,PH,2022-04-07 02:19:40,9.7531,122.4739,79.21,86,100,7.78
384,Chimbote,PE,2022-04-07 02:19:40,-9.0853,-78.5783,67.89,88,96,6.15
385,Hokitika,NZ,2022-04-07 02:19:41,-42.7167,170.9667,63.75,37,0,5.17
386,Derzhavinsk,KZ,2022-04-07 02:19:41,51.1,66.3167,26.1,88,100,8.32
387,Walvis Bay,NA,2022-04-07 02:19:41,-22.9575,14.5053,56.35,88,77,4.61
388,Cururupu,BR,2022-04-07 02:19:42,-1.8283,-44.8683,74.16,98,84,1.83
389,Saurimo,AO,2022-04-07 02:19:42,-9.6608,20.3916,63.41,94,35,1.43
390,Camana,PE,2022-04-07 02:19:42,-16.6228,-72.7111,68.99,86,45,5.46
391,Quatre Cocos,MU,2022-04-07 02:19:43,-20.2078,57.7625,75.31,70,97,12.3
392,Marana,US,2022-04-07 02:19:43,32.4367,-111.2254,84.54,18,0,6.91
393,Provideniya,RU,2022-04-07 02:19:43,64.3833,-173.3,0.36,71,0,18.01
394,Kupang,ID,2022-04-07 02:19:44,-10.1667,123.5833,84.72,69,56,1.63
395,Flin Flon,CA,2022-04-07 02:19:44,54.7682,-101.865,30.02,87,100,7.94
396,Nelson,NZ,2022-04-07 02:16:17,-41.2833,173.2833,67.28,54,5,3.0
397,Miri,MY,2022-04-07 02:15:36,4.4148,114.0089,82.54,78,40,8.05
398,Buin,CL,2022-04-07 02:16:37,-33.7333,-70.75,71.87,52,0,2.46
399,Privolzhye,RU,2022-04-07 02:19:45,52.8649,48.6044,37.47,94,100,11.16
400,Santa Rosa,PH,2022-04-07 02:19:45,14.3122,121.1114,88.09,66,100,12.17
401,Mathbaria,BD,2022-04-07 02:19:45,22.2876,89.9593,84.34,62,24,7.38
402,Bardstown,US,2022-04-07 02:16:53,37.8092,-85.4669,50.94,97,0,3.44
403,Paramonga,PE,2022-04-07 02:19:46,-10.6667,-77.8333,69.42,86,49,6.87
404,Warmbad,NA,2022-04-07 02:19:46,-28.45,18.7333,58.8,48,100,10.49
405,Kirakira,SB,2022-04-07 02:19:46,-10.4544,161.9205,84.24,74,100,12.41
406,Petukhovo,RU,2022-04-07 02:19:47,55.0692,67.9019,32.41,84,100,7.87
407,Catamarca,AR,2022-04-07 02:19:47,-28.4696,-65.7852,67.59,82,50,6.35
408,Kamina,CD,2022-04-07 02:19:48,-8.7386,24.9906,65.07,94,100,2.35
409,Carpinis,RO,2022-04-07 02:19:48,45.7872,20.9042,53.06,55,95,13.69
410,Gillette,US,2022-04-07 02:18:45,44.2911,-105.5022,36.03,60,75,21.99
411,Puerto Del Rosario,ES,2022-04-07 02:19:48,28.5004,-13.8627,58.75,63,0,13.8
412,Praia,CV,2022-04-07 02:19:49,14.9215,-23.5087,68.54,73,20,16.11
413,Isetskoye,RU,2022-04-07 02:19:49,56.4858,65.3226,29.57,89,100,7.72
414,Veracruz,MX,2022-04-07 02:17:50,19.3333,-96.6667,79.9,47,85,2.59
415,Olga,RU,2022-04-07 02:19:49,43.7444,135.2892,42.26,36,100,11.95
416,Talara,PE,2022-04-07 02:19:50,-4.5772,-81.2719,71.58,84,23,17.96
417,Atasu,KZ,2022-04-07 02:19:50,48.6814,71.6433,36.5,84,100,10.4
418,Monduli,TZ,2022-04-07 02:20:50,-3.3,36.45,60.69,84,78,1.72
419,Doctor Arroyo,MX,2022-04-07 02:20:51,23.6667,-100.1833,69.35,19,7,9.22
420,Rawson,AR,2022-04-07 02:20:51,-43.3002,-65.1023,56.53,77,88,17.54
421,Katima Mulilo,NA,2022-04-07 02:20:52,-17.5,24.2667,67.12,80,77,2.46
422,Vysokogornyy,RU,2022-04-07 02:20:52,50.1167,139.15,24.51,71,100,16.06
423,Eidsvag,NO,2022-04-07 02:20:53,62.7767,8.0668,29.05,75,1,8.03
424,Lulea,SE,2022-04-07 02:20:53,65.5842,22.1547,19.47,86,75,5.75
425,Puerto Montt,CL,2022-04-07 02:20:37,-41.4698,-72.9447,58.03,100,100,5.75
426,Barstow,US,2022-04-07 02:20:53,34.8986,-117.0228,79.79,7,0,12.17
427,Saint-Gilles,FR,2022-04-07 02:20:54,43.6766,4.4302,55.31,81,0,4.61
428,Kumylzhenskaya,RU,2022-04-07 02:20:19,49.8809,42.5898,45.99,82,58,6.29
429,Kikwit,CD,2022-04-07 02:20:54,-5.041,18.8162,71.74,91,80,1.28
430,Conceicao Do Araguaia,BR,2022-04-07 02:20:55,-8.2578,-49.2647,74.05,94,98,3.11
431,Te Anau,NZ,2022-04-07 02:20:55,-45.4167,167.7167,53.71,52,14,2.35
432,Luderitz,NA,2022-04-07 02:20:55,-26.6481,15.1594,61.63,64,100,19.86
433,Penzance,GB,2022-04-07 02:20:55,50.1186,-5.5371,47.08,91,100,24.14
434,Verkhnevilyuysk,RU,2022-04-07 02:20:56,63.4453,120.3167,15.39,86,100,6.02
435,Mangan,IN,2022-04-07 02:20:56,27.5167,88.5333,69.6,91,95,2.13
436,Bondo,CD,2022-04-07 02:20:56,3.8146,23.6866,69.51,99,100,2.62
437,Abong Mbang,CM,2022-04-07 02:20:57,3.9833,13.1833,67.82,87,100,2.04
438,Jumla,NP,2022-04-07 02:20:57,29.2747,82.1838,59.47,25,0,1.66
439,Las Palmas,ES,2022-04-07 02:20:57,28.4204,-14.0131,56.19,63,0,13.8
440,Habiganj,BD,2022-04-07 02:20:58,24.3833,91.4167,81.46,71,0,1.9
441,Westport,US,2022-04-07 02:20:58,41.1415,-73.3579,49.62,93,100,4.61
442,Agadir,MA,2022-04-07 02:20:58,30.4202,-9.5982,54.05,76,0,4.9
443,Saldanha,ZA,2022-04-07 02:20:59,-33.0117,17.9442,59.63,63,100,17.56
444,Red Bluff,US,2022-04-07 02:20:59,40.1785,-122.2358,86.68,13,0,6.91
445,Sarh,TD,2022-04-07 02:21:00,9.1429,18.3923,81.73,55,36,7.54
446,Yar-Sale,RU,2022-04-07 02:21:00,66.8333,70.8333,11.53,87,99,20.62
447,Santa Cruz,BO,2022-04-07 02:16:25,-17.8,-63.1667,76.46,83,100,5.75
448,Hamilton,US,2022-04-07 02:16:25,39.1834,-84.5333,50.77,88,0,3.44
449,Meulaboh,ID,2022-04-07 02:21:00,4.1363,96.1285,81.12,76,63,2.01
450,Guerrero Negro,MX,2022-04-07 02:21:01,27.9769,-114.0611,63.75,75,0,13.18
451,Miraflores,MX,2022-04-07 02:21:01,19.2167,-98.8083,76.03,22,62,1.9
452,Tilichiki,RU,2022-04-07 02:21:01,60.4667,166.1,14.94,64,0,5.73
453,Kathmandu,NP,2022-04-07 02:21:02,27.7167,85.3167,68.22,68,20,0.0
454,Launceston,AU,2022-04-07 02:21:02,-41.45,147.1667,69.62,47,0,5.75
455,Valparaiso,CL,2022-04-07 02:21:03,-33.0393,-71.6273,56.48,82,100,3.44
456,College,US,2022-04-07 02:21:03,64.8569,-147.8028,44.55,38,75,6.91
457,Non Thai,TH,2022-04-07 02:21:03,15.1981,102.0358,85.08,39,54,15.9
458,Tabas,IR,2022-04-07 02:21:04,33.5959,56.9244,71.26,11,16,3.58
459,Islamkot,PK,2022-04-07 02:21:04,24.6997,70.177,80.98,33,59,11.68
460,Mount Pleasant,US,2022-04-07 02:21:04,32.7941,-79.8626,72.0,95,100,9.22
461,Zyryanka,RU,2022-04-07 02:21:05,65.75,150.85,8.8,86,100,5.26
462,Coquimbo,CL,2022-04-07 02:21:05,-29.9533,-71.3436,56.93,94,100,3.44
463,Mwinilunga,ZM,2022-04-07 02:21:05,-11.7358,24.4293,62.42,99,100,3.53
464,Along,IN,2022-04-07 02:22:06,28.1667,94.7667,71.58,86,91,0.54
465,Rulenge,TZ,2022-04-07 02:22:06,-2.7175,30.6325,59.54,96,97,2.04
466,Worthington,US,2022-04-07 02:22:07,40.0931,-83.018,51.85,92,75,6.91
467,Northam,GB,2022-04-07 02:22:07,51.0333,-4.2167,47.61,84,100,25.43
468,Wanning,CN,2022-04-07 02:22:08,18.8003,110.3967,76.24,55,80,8.52
469,Vostok,RU,2022-04-07 02:22:08,46.4856,135.8833,30.04,52,78,13.67
470,Prince George,CA,2022-04-07 02:19:31,53.9166,-122.753,44.04,40,20,14.97
471,Chiang Kham,TH,2022-04-07 02:22:08,19.5233,100.3,81.21,61,61,2.19
472,Sibolga,ID,2022-04-07 02:22:09,1.7427,98.7792,79.23,81,100,1.01
473,Gorom-Gorom,BF,2022-04-07 02:22:09,14.4439,-0.2361,91.02,28,92,4.16
474,Caibarien,CU,2022-04-07 02:22:10,22.5206,-79.4669,78.12,80,81,7.23
475,Pedernales,DO,2022-04-07 02:22:10,18.0384,-71.744,78.62,74,8,7.09
476,Gosainganj,IN,2022-04-07 02:22:10,26.5833,82.3833,82.49,9,5,5.68
477,Shwebo,MM,2022-04-07 02:22:11,22.5667,95.7,85.48,43,2,8.97
478,Birjand,IR,2022-04-07 02:22:11,32.8663,59.2211,57.67,15,0,6.91
479,Sioux Lookout,CA,2022-04-07 02:22:11,50.1001,-91.917,32.07,86,100,16.11
480,Mudon,MM,2022-04-07 02:22:12,16.2578,97.7164,84.6,67,76,5.53
481,Lavrentiya,RU,2022-04-07 02:22:12,65.5833,-171.0,-2.49,67,100,7.81
482,Waipawa,NZ,2022-04-07 02:22:12,-41.4122,175.5153,53.83,60,87,15.46
483,Ribeira Grande,PT,2022-04-07 02:22:13,38.5167,-28.7,61.86,90,100,26.73
484,Saint-Pierre,RE,2022-04-07 02:22:13,-21.3393,55.4781,76.68,80,75,13.8
485,Port Macquarie,AU,2022-04-07 02:19:52,-31.4333,152.9167,73.89,84,94,10.6
486,Kristinehamn,SE,2022-04-07 02:22:14,59.3098,14.1081,28.96,74,100,7.99
487,Bintulu,MY,2022-04-07 02:22:14,3.1667,113.0333,82.81,83,40,3.44
488,Puerto Madero,MX,2022-04-07 02:22:14,14.7208,-92.4215,82.6,78,75,8.05
489,Sola,VU,2022-04-07 02:22:15,-13.8833,167.55,82.38,75,100,13.96
490,Ouargaye,BF,2022-04-07 02:22:15,11.5033,0.0572,86.72,50,32,12.46
491,Broome,US,2022-04-07 02:22:16,42.2506,-75.833,51.19,79,100,11.5
492,Dera Ghazi Khan,PK,2022-04-07 02:22:16,30.0561,70.6348,83.12,9,0,3.74
493,Bloomington,US,2022-04-07 02:21:13,44.8408,-93.2983,37.72,87,100,18.41
494,Ankpa,NG,2022-04-07 02:22:16,7.3706,7.6253,76.01,80,100,4.54
495,Hailar,CN,2022-04-07 02:22:17,49.2,119.7,32.38,27,12,10.74
496,Meadow Lake,US,2022-04-07 02:22:17,34.8014,-106.5436,55.78,9,0,19.13
497,Naryan-Mar,RU,2022-04-07 02:22:17,67.6713,53.087,3.06,93,41,8.99
498,Dicabisagan,PH,2022-04-07 02:22:18,17.0818,122.4157,77.25,89,100,8.08
499,Fatehpur,IN,2022-04-07 02:22:18,25.9333,80.8,85.66,8,52,3.13
500,Polson,US,2022-04-07 02:22:19,47.6936,-114.1632,44.22,46,8,4.76
501,Umtata,ZA,2022-04-07 02:22:19,-31.5889,28.7844,51.57,92,48,2.1
502,Porbandar,IN,2022-04-07 02:22:19,21.6422,69.6093,80.17,61,80,10.07
503,Comodoro Rivadavia,AR,2022-04-07 02:18:48,-45.8667,-67.5,48.06,93,40,1.14
504,Maebaru,JP,2022-04-07 02:22:20,33.55,130.2,68.95,52,41,8.99
505,Stepnyak,KZ,2022-04-07 02:22:20,52.8339,70.7803,32.23,67,6,2.15
506,Varhaug,NO,2022-04-07 02:22:20,58.6147,5.6457,36.48,81,100,22.64
507,Tessalit,ML,2022-04-07 02:22:21,20.1986,1.0114,82.04,16,4,14.03
508,Pokrovsk,UA,2022-04-07 02:22:21,48.282,37.1758,40.91,85,11,8.66
509,Novyy Urengoy,RU,2022-04-07 02:23:22,66.0833,76.6333,9.12,96,70,10.67
510,Doha,QA,2022-04-07 02:23:22,25.2867,51.5333,76.98,28,0,6.91
511,Nova Olimpia,BR,2022-04-07 02:23:22,-14.7972,-57.2881,74.77,86,7,2.46
512,Benghazi,LY,2022-04-07 02:22:31,32.1167,20.0667,70.34,52,100,3.47
513,Turukhansk,RU,2022-04-07 02:21:17,65.8167,87.9833,22.53,90,100,11.61
514,Una,IN,2022-04-07 02:23:23,20.8167,71.0333,82.76,38,43,6.64
515,Lianran,CN,2022-04-07 02:23:23,24.9227,102.485,50.54,59,62,3.56
516,Shimoda,JP,2022-04-07 02:23:24,34.6667,138.95,61.16,68,100,10.65
517,Tadine,NC,2022-04-07 02:23:24,-21.55,167.8833,80.02,87,100,27.89
518,Gimbi,ET,2022-04-07 02:23:24,9.1667,35.8333,60.31,74,99,2.53
519,Merauke,ID,2022-04-07 02:23:25,-8.4667,140.3333,86.49,63,98,8.01
520,Gat,IL,2022-04-07 02:20:37,31.61,34.7642,61.48,100,84,7.16
521,Najran,SA,2022-04-07 02:23:25,17.4924,44.1277,57.85,12,0,2.71
522,Hambantota,LK,2022-04-07 02:23:26,6.1241,81.1185,79.29,71,96,3.69
523,Shenjiamen,CN,2022-04-07 02:23:26,29.9576,122.298,60.58,78,61,5.93
524,Hami,CN,2022-04-07 02:23:26,42.8,93.45,69.98,11,1,2.71
525,Nalut,LY,2022-04-07 02:23:27,30.3333,10.85,67.41,23,2,12.12
526,Ankang,CN,2022-04-07 02:23:27,32.68,109.0172,71.64,54,0,3.02
527,Mahanje,TZ,2022-04-07 02:23:27,-9.9333,35.3333,61.72,97,5,2.55
528,Adrar,MR,2022-04-07 02:23:28,20.5022,-10.0711,70.65,22,1,12.88
529,Leh,IN,2022-04-07 02:23:28,34.1667,77.5833,28.26,54,0,4.25
530,Shubarshi,KZ,2022-04-07 02:23:29,48.5872,57.1869,43.56,71,100,5.41
531,Usinsk,RU,2022-04-07 02:23:29,65.9939,57.5281,3.69,93,100,10.58
532,Kushima,JP,2022-04-07 02:23:29,31.4583,131.2333,69.3,32,100,5.77
533,Namatanai,PG,2022-04-07 02:23:30,-3.6667,152.4333,79.36,82,100,9.31
534,Kudahuvadhoo,MV,2022-04-07 02:23:30,2.6708,72.8944,82.8,70,14,3.09
535,Alta Floresta,BR,2022-04-07 02:23:30,-9.8756,-56.0861,71.98,96,57,2.04
536,Itaituba,BR,2022-04-07 02:23:31,-4.2761,-55.9836,73.02,99,80,1.81
537,Keti Bandar,PK,2022-04-07 02:23:31,24.1447,67.4497,79.09,78,48,12.33
538,Mercedes,AR,2022-04-07 02:23:32,-34.6515,-59.4307,64.04,77,0,7.63
539,Susehri,TR,2022-04-07 02:23:32,40.1644,38.0867,45.23,88,37,4.41
540,Eureka,US,2022-04-07 02:21:36,40.8021,-124.1637,66.67,74,16,1.99
541,Amboasary,MG,2022-04-07 02:23:33,-25.0333,46.3833,73.4,89,0,2.98
542,Padang,ID,2022-04-07 02:23:33,-0.9492,100.3543,77.05,82,100,1.83
543,Megion,RU,2022-04-07 02:23:33,61.0296,76.1136,26.62,81,88,17.96
544,Okha,RU,2022-04-07 02:23:34,53.5739,142.9478,31.57,63,59,14.03
545,Lazaro Cardenas,MX,2022-04-07 02:23:34,17.9583,-102.2,73.24,79,100,5.41
546,Acarau,BR,2022-04-07 02:23:34,-2.8856,-40.12,77.38,85,92,7.31
547,Staunton,US,2022-04-07 02:19:11,38.1496,-79.0717,57.29,67,75,11.5
548,Martapura,ID,2022-04-07 02:23:35,-3.4167,114.85,78.89,89,40,4.61
